City_ID,City,Lat,Lng,Max Temp,Humidity,Cloudiness,Wind Speed,Country,Date
0,edinburgh of the seven seas,-37.0676,-12.3116,11.76,71,100,7.76,SH,1724616370
1,diffa,13.3154,12.6113,26.18,74,100,5.47,NE,1724616372
2,toliara,-23.35,43.6667,23.46,62,0,2.54,MG,1724616373
3,amasra,41.7463,32.3863,22.11,78,2,2.28,TR,1724616374
4,saldanha,-33.0117,17.9442,10.03,88,10,5.08,ZA,1724616031
5,flying fish cove,-10.4217,105.6791,24.82,88,100,5.14,CX,1724616376
6,saint-philippe,-21.3585,55.7679,19.23,74,92,7.05,RE,1724615873
7,biguacu,-27.4942,-48.6556,16.19,58,89,1.53,BR,1724616379
8,seven pagodas,12.6264,80.1722,29.15,64,100,4.78,IN,1724616380
9,papatowai,-46.5619,169.4708,3.61,88,82,2.31,NZ,1724616381
10,kish,26.5578,54.0194,33.15,79,1,2.06,IR,1724616383
11,grytviken,-54.2811,-36.5092,-2.95,71,26,4.32,GS,1724616385
12,port alfred,-33.5906,26.891,15.66,90,100,0.45,ZA,1724616386
13,usogorsk,63.4106,48.6872,12.46,76,11,1.39,RU,1724616388
14,kamloops,50.6665,-120.3192,19.55,66,20,3.58,CA,1724616390
15,afaahiti,-17.75,-149.2833,22.26,80,100,11.45,PF,1724616391
16,ribeira grande,38.5167,-28.7,24.32,88,75,1.54,PT,1724615914
17,sitka,57.0531,-135.33,13.94,82,100,5.66,US,1724616394
18,nemuro,43.3236,145.575,16.41,92,100,3.64,JP,1724616395
19,ilulissat,69.2167,-51.1,1.68,99,100,1.71,GL,1724615862
20,lagoa da prata,-20.0225,-45.5436,27.02,38,49,7.42,BR,1724616194
21,puerto ayora,-0.7393,-90.3518,20.86,91,75,2.24,EC,1724616399
22,tolanaro,-25.0319,46.9987,20.04,77,20,9.26,MG,1724615881
23,maragogi,-9.0122,-35.2225,23.81,72,39,4.62,BR,1724616401
24,bethel,41.3712,-73.414,29.47,57,38,2.1,US,1724616178
25,port-aux-francais,-49.35,70.2167,4.62,71,85,13.62,TF,1724616404
26,prineville,44.2999,-120.8345,20.27,44,0,2.57,US,1724615954
27,tura,25.5198,90.2201,23.43,92,74,2.52,IN,1724616406
28,el granada,37.5027,-122.4694,23.88,69,0,5.66,US,1724616407
29,adamstown,-25.066,-130.1015,20.83,78,100,10.28,PN,1724616409
30,bamboo flat,11.7,92.7167,28.05,83,40,2.57,IN,1724615860
31,saryozek,44.3583,77.9753,16.7,41,100,1.64,KZ,1724616411
32,darwin,-12.4611,130.8418,23.83,88,0,0.0,AU,1724616391
33,west island,-12.1568,96.8225,25.99,83,20,5.66,CC,1724616414
34,nova vicosa,-17.8919,-39.3719,24.88,71,2,5.2,BR,1724616415
35,talnakh,69.4865,88.3972,11.11,76,99,2.44,RU,1724616416
36,puerto natales,-51.7236,-72.4875,6.25,75,75,1.03,CL,1724616417
37,luganville,-15.5333,167.1667,21.99,71,7,2.85,VU,1724616418
38,kalkaman,51.9525,76.0211,13.84,82,100,7.12,KZ,1724616420
39,thompson,55.7435,-97.8558,22.09,88,75,2.57,CA,1724616421
40,las tablas,7.7667,-80.2833,25.65,99,100,3.12,PA,1724616422
41,bilibino,68.0546,166.4372,7.13,69,19,1.81,RU,1724616424
42,iqaluit,63.7506,-68.5145,7.85,75,100,1.54,CA,1724616425
43,lompoc,34.6391,-120.4579,25.85,48,0,5.66,US,1724615939
44,tiksi,71.6872,128.8694,3.09,92,100,4.16,RU,1724616427
45,olonkinbyen,70.9221,-8.7187,2.94,95,100,11.38,SJ,1724616429
46,codrington,-38.2667,141.9667,11.33,83,11,6.78,AU,1724616430
47,yashkul',46.1711,45.3435,23.39,38,100,3.18,RU,1724616431
48,conduaga,8.862,117.4893,25.49,91,100,2.39,PH,1724616034
49,georgetown,5.4112,100.3354,25.96,83,20,0.51,MY,1724616433
50,isafjordur,66.0755,-23.124,3.98,83,97,1.47,IS,1724616435
51,santa ana,33.7456,-117.8678,30.51,50,0,5.14,US,1724616436
52,bredasdorp,-34.5322,20.0403,10.01,82,62,2.09,ZA,1724616438
53,anadyr,64.75,177.4833,6.28,75,100,7.0,RU,1724616440
54,quellon,-43.1167,-73.6167,7.56,86,100,9.27,CL,1724616441
55,champerico,14.3,-91.9167,29.5,67,100,2.48,GT,1724616442
56,cill airne,52.05,-9.5167,15.03,82,40,6.17,IE,1724615865
57,calabozo,8.9242,-67.4293,24.39,89,100,2.49,VE,1724616445
58,kovdor,67.5662,30.4758,15.5,88,100,6.42,RU,1724616446
59,hamilton,39.1834,-84.5333,34.84,42,40,3.6,US,1724616235
60,blackmans bay,-43.0167,147.3167,11.07,88,92,0.89,AU,1724616449
61,waitangi,-43.9535,-176.5597,11.57,93,100,1.79,NZ,1724616450
62,mtambile,-5.3833,39.7,24.22,83,95,5.95,TZ,1724616451
63,majuro,7.0897,171.3803,29.01,76,11,5.58,MH,1724616452
64,petropavlovsk-kamchatsky,53.0452,158.6483,9.33,81,0,2.0,RU,1724616259
65,iskateley,67.6803,53.1512,10.04,92,1,3.11,RU,1724615952
66,chonchi,-42.6128,-73.8092,7.84,94,100,4.01,CL,1724615926
67,dunedin,-45.8742,170.5036,4.89,99,100,2.43,NZ,1724616092
68,stanley,54.868,-1.6985,14.17,87,75,4.12,GB,1724616459
69,thinadhoo,0.5333,72.9333,28.3,73,100,3.3,MV,1724616460
70,yellowknife,62.456,-114.3525,19.67,49,85,2.24,CA,1724616461
71,remire-montjoly,4.9167,-52.2667,31.02,70,82,5.66,GF,1724616462
72,albany,42.6001,-73.9662,27.54,58,45,1.23,US,1724616421
73,happy valley-goose bay,53.3168,-60.3315,30.17,30,75,2.57,CA,1724615868
74,jamestown,42.097,-79.2353,28.34,42,0,4.12,US,1724616422
75,sosnovo-ozerskoye,52.5249,111.5418,9.38,62,2,0.94,RU,1724616467
76,domna,51.8971,113.1573,5.09,93,4,0.0,RU,1724616468
77,kolomyia,48.5306,25.0403,20.75,46,72,1.53,UA,1724616470
78,namtsy,62.7161,129.6658,12.43,94,7,4.01,RU,1724616471
79,st. john's,47.5649,-52.7093,27.31,50,20,5.66,CA,1724616328
80,nadym,65.5333,72.5167,11.29,79,21,1.58,RU,1724616473
81,shatrovo,56.5167,64.6333,13.0,75,100,2.87,RU,1724616475
82,alofi,-19.0595,-169.9187,22.94,94,75,8.75,NU,1724615899
83,hotan,37.0997,79.9269,25.09,36,3,0.78,CN,1724616477
84,olavarria,-36.8927,-60.3225,11.93,47,1,1.47,AR,1724616240
85,touros,-5.1989,-35.4608,25.2,73,5,7.96,BR,1724616481
86,lihue,21.9789,-159.3672,25.2,89,100,8.75,US,1724616482
87,wellington,-41.2866,174.7756,12.26,92,75,3.6,NZ,1724616483
88,brookings,44.3114,-96.7984,28.0,78,75,5.14,US,1724616246
89,alaghsas,17.0187,8.0168,35.52,33,100,4.07,NE,1724616486
90,newport,51.5877,-2.9984,16.36,92,59,9.61,GB,1724616487
91,badger,64.8,-147.5333,8.93,86,40,2.06,US,1724615904
92,longyearbyen,78.2186,15.6401,8.91,93,75,0.51,SJ,1724616490
93,dhuusamarreeb,5.535,46.3861,26.95,59,100,9.42,SO,1724616491
94,spring creek,40.7266,-115.5859,14.67,59,99,1.79,US,1724616492
95,howrah,22.5892,88.3103,26.0,94,100,2.57,IN,1724616494
96,utrik,11.2278,169.8474,28.57,79,17,7.4,MH,1724616495
97,port saint john's,-31.6229,29.5448,18.24,79,88,3.57,ZA,1724616497
98,dzhalagash,45.0833,64.6667,19.46,30,28,2.29,KZ,1724616498
99,weno,7.4515,151.8468,26.97,83,100,0.0,FM,1724616500
100,whitehorse,60.7161,-135.0538,8.78,93,100,7.72,CA,1724616253
101,karema,-6.8205,30.4389,23.77,44,46,1.52,TZ,1724616502
102,chengde,40.9725,117.9361,18.73,90,100,1.22,CN,1724616503
103,kideksha,56.4167,40.5167,18.29,80,40,0.28,RU,1724616505
104,mahibadhoo,3.7833,72.9667,27.89,74,100,2.88,MV,1724616506
105,wailua homesteads,22.0669,-159.378,24.86,86,100,8.75,US,1724616507
106,lorengau,-2.0226,147.2712,26.58,80,100,1.94,PG,1724616508
107,yeppoon,-23.1333,150.7333,18.43,89,3,1.01,AU,1724616510
108,rio grande,-32.035,-52.0986,10.16,75,100,9.92,BR,1724616512
109,san sebastian de la gomera,28.0916,-17.1133,24.2,78,40,2.57,ES,1724616513
110,baharly,38.4362,57.4316,29.78,21,7,3.02,TM,1724616515
111,klyuchi,52.2667,79.1667,13.81,83,100,6.71,RU,1724616516
112,hithadhoo,-0.6,73.0833,28.21,72,100,3.55,MV,1724616517
113,porto novo,6.4965,2.6036,24.9,86,100,2.73,BJ,1724616235
114,balkanabat,39.5108,54.3671,32.42,19,0,8.54,TM,1724616519
115,college,64.8569,-147.8028,12.34,70,75,2.06,US,1724616521
116,punta arenas,-53.15,-70.9167,5.06,93,100,3.6,CL,1724616496
117,keflavik,64.0049,-22.5624,9.24,71,40,7.2,IS,1724616523
118,sligo,54.2697,-8.4694,11.96,92,100,4.12,IE,1724616524
119,nerchinsk,51.9833,116.5833,11.68,79,0,0.47,RU,1724616526
120,cannonvale,-20.2833,148.7,20.66,89,100,3.87,AU,1724616527
121,malango,-2.9627,119.9001,18.48,99,72,0.68,ID,1724616528
122,malkapur,20.8833,76.2,23.36,91,100,5.83,IN,1724616529
123,leutershausen,49.3,10.4167,15.05,58,0,0.0,DE,1724616531
124,hajin,34.6927,40.827,33.96,23,0,2.53,SY,1724616532
125,lashio,22.9333,97.75,20.47,99,100,0.45,MM,1724616533
126,cao bang,22.6667,106.25,23.23,98,70,0.5,VN,1724616534
127,susuman,62.7833,148.1667,12.55,62,69,2.08,RU,1724616537
128,hasaki,35.7333,140.8333,26.56,85,0,4.34,JP,1724616538
129,jinzhou,41.1078,121.1417,21.17,89,100,1.19,CN,1724616539
130,invercargill,-46.4,168.35,1.68,98,99,0.89,NZ,1724616481
131,fada,7.25,4.0667,22.75,98,87,1.14,NG,1724616542
132,huarmey,-10.0681,-78.1522,20.27,74,64,4.69,PE,1724616543
133,partenit,44.578,34.3446,25.13,51,39,6.11,UA,1724616544
134,paradip garh,20.3167,86.6167,26.57,84,97,4.28,IN,1724616494
135,yaren,-0.5472,166.916,28.18,73,100,3.9,NR,1724616547
136,polyarnyy,69.1989,33.4478,14.91,70,100,11.6,RU,1724616548
137,rongelap,11.1635,166.8941,28.32,80,50,5.33,MH,1724616549
138,aglona,56.1333,27.0167,19.03,74,50,2.59,LV,1724616550
139,pospelikha,51.95,81.7667,13.78,73,37,5.87,RU,1724616551
140,praia da vitoria,38.7333,-27.0667,25.42,82,100,2.15,PT,1724616553
141,tromso,69.6496,18.957,13.01,71,75,6.69,NO,1724616293
142,eureka,40.8021,-124.1637,21.46,73,3,1.79,US,1724616347
143,island harbour,50.724,-1.2758,17.04,74,100,3.13,GB,1724616556
144,kalmunai,7.4167,81.8167,27.31,74,73,0.13,LK,1724616558
145,aasiaat,68.7098,-52.8699,3.05,90,100,1.77,GL,1724616559
146,coquimbo,-29.9533,-71.3436,12.85,70,75,4.63,CL,1724616515
147,lata,40.1629,-8.3327,15.16,66,0,1.33,PT,1724616561
148,enewetak,11.3474,162.3373,28.67,69,22,4.62,MH,1724616563
149,vadso,70.0744,29.7487,13.09,94,75,3.09,NO,1724616564
150,vorgashor,67.5833,63.95,11.48,84,26,2.39,RU,1724616565
151,margaret river,-33.95,115.0667,15.94,78,100,8.5,AU,1724616566
152,namibe,-15.1961,12.1522,18.14,90,75,1.4,AO,1724616568
153,saipan,15.1355,145.701,27.39,83,40,1.54,MP,1724616569
154,san casciano in val di pesa,43.6591,11.1895,25.25,59,0,2.57,IT,1724616570
155,meadow lakes,61.6247,-149.6011,12.01,93,93,0.45,US,1724616571
156,vilyuchinsk,52.9306,158.4028,10.15,84,63,3.31,RU,1724616573
157,niamey,13.5137,2.1098,32.4,47,23,3.91,NE,1724616574
158,sufalat sama'il,23.3167,58.0167,34.92,32,100,2.56,OM,1724616575
159,ushuaia,-54.8,-68.3,8.81,53,40,2.06,AR,1724616461
160,hacienda huancane,-15.8222,-70.8856,14.76,10,3,3.02,PE,1724616579
161,quincy,42.2529,-71.0023,29.18,53,75,2.06,US,1724616580
162,ta`u,-14.2336,-169.5144,26.35,85,96,8.38,AS,1724616582
163,puerto lempira,15.2667,-83.7667,32.08,66,40,1.54,HN,1724616583
164,port elizabeth,-33.918,25.5701,15.17,92,100,0.89,ZA,1724616584
165,borogontsy,62.6683,131.1683,13.02,97,64,4.01,RU,1724616585
166,dudinka,69.4058,86.1778,10.41,83,98,0.42,RU,1724616587
167,conde,-7.2597,-34.9075,25.7,69,20,7.72,BR,1724616588
168,tsiombe,-25.3,45.4833,18.1,66,0,3.31,MG,1724616189
169,colonia menno,-22.3667,-59.8167,20.97,22,23,5.08,PY,1724616591
170,port mathurin,-19.6833,63.4167,20.88,67,12,13.19,MU,1724616592
171,avarua,-21.2078,-159.775,22.03,64,75,7.2,CK,1724616594
172,bijar,35.8668,47.6051,22.26,24,1,2.94,IR,1724616595
173,fuente el saz,40.6322,-3.5115,30.92,48,0,4.92,ES,1724616596
174,elena,42.9333,25.8833,22.62,60,45,0.62,BG,1724616597
175,opuwo,-18.0607,13.84,21.41,14,0,3.06,NA,1724616600
176,westport,41.1415,-73.3579,29.75,57,0,3.6,US,1724616527
177,oodweyne,9.4092,45.064,26.68,42,90,8.63,SO,1724616602
178,presidente medici,-11.1753,-61.9014,34.7,24,0,3.52,BR,1724616603
179,mata-utu,-13.2816,-176.1745,26.66,86,99,7.62,WF,1724616341
180,caminauit,12.3314,121.0825,27.46,81,100,0.46,PH,1724616606
181,mrakovo,52.7161,56.6244,11.73,95,2,0.95,RU,1724616607
182,wenchang,30.904,118.4887,26.14,81,3,0.83,CN,1724616608
183,yung shue wan,22.2333,114.1167,29.26,85,60,3.07,HK,1724616610
184,ust-nera,64.5667,143.2,13.46,76,83,2.64,RU,1724616611
185,fale old settlement,-9.3852,-171.2468,27.95,78,8,7.81,TK,1724616612
186,labrador city,52.9463,-66.9114,21.22,56,98,2.39,CA,1724616613
187,whangarei,-35.7317,174.3239,9.52,95,100,1.0,NZ,1724616615
188,dalandzadgad,43.5708,104.425,18.47,49,4,0.35,MN,1724616616
189,alice springs,-23.7,133.8833,15.75,48,0,4.12,AU,1724616617
190,amungan,15.3652,119.9582,26.95,80,62,2.08,PH,1724616618
191,khorugh,37.4897,71.553,11.38,38,0,1.98,TJ,1724616619
192,eceabat,40.1842,26.3574,26.98,54,0,7.2,TR,1724616621
193,muisne,0.6,-80.0333,25.54,80,99,4.61,EC,1724616268
194,tanout,14.9709,8.8879,34.8,35,100,5.28,NE,1724616623
195,chibougamau,49.9168,-74.3659,22.98,50,52,2.08,CA,1724616624
196,hermanus,-34.4187,19.2345,11.0,72,91,5.35,ZA,1724616626
197,at taj,24.2049,23.2857,36.49,25,3,7.16,LY,1724616627
198,lerwick,60.1545,-1.1494,11.43,87,100,3.37,GB,1724616516
199,hrajel,34.0148,35.7946,18.68,78,0,0.88,LB,1724616629
200,hawaiian paradise park,19.5933,-154.9731,24.94,98,100,5.66,US,1724616632
201,atafu village,-8.5421,-172.5159,28.3,75,47,8.7,TK,1724616633
202,la'ie,21.6477,-157.9253,26.17,84,89,6.71,US,1724616634
203,"kampung bukit tinggi, bentong",3.35,101.8167,19.71,96,99,1.18,MY,1724616636
204,palmer,42.1584,-72.3287,27.9,53,75,0.0,US,1724616477
205,thamaga,-24.6701,25.5397,18.68,31,0,1.93,BW,1724616638
206,egilsstadir,65.2653,-14.3948,5.73,98,100,2.71,IS,1724616639
207,muroto-misakicho,33.2833,134.15,27.66,79,15,4.62,JP,1724616641
208,hirara,24.8,125.2833,28.73,80,100,4.12,JP,1724616642
209,uturoa,-16.7333,-151.4333,25.04,76,98,11.84,PF,1724616643
210,luwingu,-10.2621,29.9271,15.63,43,29,1.49,ZM,1724616644
211,pisco,-13.7,-76.2167,20.03,68,0,3.09,PE,1724616646
212,al mindak,20.1588,41.2834,19.93,63,100,1.11,SA,1724616647
213,udachny,66.4167,112.4,7.9,88,70,2.78,RU,1724616648
214,villa gesell,-37.2639,-56.973,9.41,74,6,4.98,AR,1724616354
215,qaqortoq,60.7167,-46.0333,4.9,89,100,3.73,GL,1724616650
216,weiser,44.251,-116.9693,25.11,40,1,1.7,US,1724616652
217,carnarvon,-24.8667,113.6333,18.08,65,15,5.4,AU,1724616653
218,callao,-12.0667,-77.15,18.16,72,75,4.63,PE,1724616609
219,swift current,50.2834,-107.8014,22.36,37,2,6.63,CA,1724616655
220,fort mcmurray,56.7268,-111.381,20.08,38,19,4.26,CA,1724616657
221,sisimiut,66.9395,-53.6735,5.57,74,100,2.54,GL,1724616658
222,mwene-ditu,-7.0,23.45,24.52,25,100,2.12,CD,1724616659
223,newman,37.3138,-121.0208,27.25,22,0,4.44,US,1724616660
224,krutinka,56.0055,71.5113,10.41,95,99,4.6,RU,1724616662
225,vilyuysk,63.7553,121.6247,10.7,97,90,3.62,RU,1724616663
226,port douglas,-16.4833,145.4667,21.67,74,99,3.01,AU,1724616664
227,shibirghan,36.6676,65.7529,26.15,17,0,2.68,AF,1724616665
228,churapcha,62.0025,132.4325,14.61,94,99,4.88,RU,1724616667
229,chul'man,56.8479,124.9104,10.47,97,100,1.31,RU,1724616388
230,kodiak,57.79,-152.4072,14.73,44,0,10.8,US,1724616669
231,mhangura,-16.8939,30.1683,15.34,53,1,1.58,ZW,1724616670
232,noumea,-22.2763,166.4572,22.78,99,79,4.29,NC,1724616672
233,peniche,39.3558,-9.3811,15.87,83,0,10.22,PT,1724616673
234,beira,-19.8436,34.8389,20.05,83,0,1.54,MZ,1724616674
235,erenhot,43.6475,111.9767,19.25,42,4,3.31,CN,1724616675
236,north bend,43.4065,-124.2243,26.8,64,0,7.2,US,1724616677
237,luderitz,-26.6481,15.1594,14.06,72,0,4.35,NA,1724616678
238,amahai,-3.3333,128.9167,25.11,89,100,1.46,ID,1724616679
239,gulf shores,30.246,-87.7008,32.22,67,78,3.58,US,1724616681
240,selfoss,63.9331,-20.9971,9.47,74,67,3.41,IS,1724616682
241,concepcion del oro,24.6333,-101.4167,21.53,39,98,0.87,MX,1724616683
242,mawu,34.4307,104.9176,14.7,87,96,2.31,CN,1724616684
243,merizo village,13.2658,144.6691,26.31,94,99,0.95,GU,1724616686
244,papao,-17.75,-149.55,26.82,81,100,12.34,PF,1724616687
245,daru,-9.0763,143.2092,24.42,81,89,7.26,PG,1724616688
246,lebu,-37.6167,-73.65,11.33,64,100,4.65,CL,1724616689
247,palikir - national government center,6.9248,158.1611,24.41,100,75,1.54,FM,1724616690
248,belyy yar,53.6039,91.3903,14.94,77,40,4.0,RU,1724616692
249,port lincoln,-34.7333,135.8667,12.93,87,0,5.65,AU,1724616693
250,sumbawa besar,-8.5,117.4333,21.06,94,24,2.18,ID,1724616694
251,sovetskaya gavan',48.9723,140.2878,12.9,93,100,2.77,RU,1724616695
252,tazovsky,67.4667,78.7,9.67,83,59,1.37,RU,1724616697
253,urumqi,43.801,87.6005,21.53,53,0,2.0,CN,1724616698
254,acapulco de juarez,16.8634,-99.8901,31.9,70,40,6.17,MX,1724616645
255,sinabang,2.4803,96.3801,25.15,84,100,1.99,ID,1724616701
256,ariquemes,-9.9133,-63.0408,34.79,26,0,3.17,BR,1724616702
257,puerto real,36.5282,-6.1901,27.07,69,0,2.06,ES,1724616705
258,karymskoye,51.6167,114.35,10.82,67,1,0.5,RU,1724616706
259,gorontalo,0.5412,123.0595,23.87,98,100,1.26,ID,1724616707
260,przeworsk,50.0591,22.4941,23.11,59,10,3.54,PL,1724616708
261,alvaraes,-3.2208,-64.8042,34.93,28,22,4.23,BR,1724616709
262,nouadhibou,20.931,-17.0347,23.99,73,0,9.26,MR,1724616711
263,nova sintra,14.8667,-24.7167,26.21,76,100,8.55,CV,1724616712
264,cooper's town,26.8667,-77.5167,29.03,74,100,4.76,BS,1724616713
265,karratha,-20.7377,116.8463,22.93,34,10,4.54,AU,1724616282
266,fasa,28.9383,53.6482,27.58,13,0,3.09,IR,1724616715
267,sola,-13.8833,167.55,24.89,72,20,8.89,VU,1724616717
268,kill devil hills,36.0307,-75.676,26.01,64,0,4.63,US,1724616718
269,viqueque,-8.8673,126.3658,21.62,95,87,0.72,TL,1724616719
270,kapuskasing,49.4169,-82.4331,28.13,44,52,1.29,CA,1724616613
271,warman,52.3168,-106.5679,18.95,52,75,9.26,CA,1724616722
272,soure,-0.7167,-48.5233,29.94,63,62,5.74,BR,1724616723
273,arauca,7.0847,-70.7591,24.16,93,100,1.71,CO,1724616724
274,chipinge,-20.1883,32.6236,13.49,60,0,2.17,ZW,1724616726
275,la mira,18.035,-102.3266,29.15,75,26,2.89,MX,1724616727
276,xinghua,32.9392,119.8342,24.47,97,49,2.51,CN,1724616728
277,embi,48.8264,58.1442,21.42,44,69,3.0,KZ,1724616553
278,sarina,-21.4333,149.2167,17.37,1,64,1.73,AU,1724616724
279,novooleksiyivka,46.2269,34.6428,24.68,37,81,4.35,UA,1724616732
280,ingersoll,43.0334,-80.883,28.23,57,37,2.77,CA,1724616731
281,bodaybo,57.8506,114.1933,12.28,87,20,0.7,RU,1724616734
282,turkmenbasy,40.0222,52.9552,29.99,37,10,1.36,TM,1724616735
283,forster,-32.1667,152.5167,17.07,76,17,4.51,AU,1724616737
284,malabar,-33.9667,151.25,17.84,50,0,13.38,AU,1724616738
285,sadjoavato,-12.6334,49.349,19.95,72,73,4.97,MG,1724616739
286,batabano,22.7164,-82.2881,32.23,54,39,2.45,CU,1724616740
287,san ignacio,17.1561,-89.0714,28.08,83,75,2.06,BZ,1724616742
288,east london,-33.0153,27.9116,17.16,81,81,7.0,ZA,1724616743
289,bischofshofen,47.4167,13.2167,16.11,100,100,0.54,AT,1724616744
290,lloydminster,53.2835,-110.0016,17.12,55,40,7.2,CA,1724616746
291,arraial do cabo,-22.9661,-42.0278,19.92,88,100,4.63,BR,1724616733
292,puerto baquerizo moreno,-0.9,-89.6,22.55,73,75,6.17,EC,1724616602
293,copala,16.65,-98.9833,30.38,67,14,4.55,MX,1724616750
294,eyl,7.9803,49.8164,26.0,74,100,8.71,SO,1724616751
295,formby,53.5536,-3.0682,16.08,84,57,9.49,GB,1724616753
296,antonio enes,-16.2325,39.9086,22.69,73,100,2.97,MZ,1724616754
297,vikhorevka,56.1201,101.1636,16.61,82,100,1.85,RU,1724616755
298,jinxiang,27.4327,120.6062,25.5,90,0,1.47,CN,1724616756
299,sant lluis,39.8526,4.2594,24.22,83,20,6.17,ES,1724616758
300,manokwari,-0.8667,134.0833,25.98,74,100,1.64,ID,1724616759
301,garden city,42.3256,-83.331,32.81,56,75,4.12,US,1724616760
302,crane,31.3974,-102.3501,35.15,26,1,6.47,US,1724616761
303,la ronge,55.1001,-105.2842,14.14,77,100,10.29,CA,1724616762
304,pangkalanbuun,-2.6833,111.6167,22.53,99,81,0.61,ID,1724616764
305,siwa oasis,29.2041,25.5195,32.62,28,0,7.03,EG,1724616765
306,benjamin constant,-4.3831,-70.0311,28.07,74,40,3.6,BR,1724616767
307,minas de marcona,-15.2119,-75.1103,19.3,41,1,6.35,PE,1724616770
308,ulsteinvik,62.3432,5.8487,13.75,83,100,4.47,NO,1724616771
309,vila franca do campo,37.7167,-25.4333,24.23,68,100,0.5,PT,1724616772
310,caleta de carquin,-11.0925,-77.6267,19.34,76,42,4.65,PE,1724616774
311,al wajh,26.2455,36.4525,31.97,62,0,2.06,SA,1724616775
312,mana,5.6592,-53.7767,28.55,72,21,5.48,GF,1724616776
313,gizo,-8.103,156.8419,26.66,80,99,8.98,SB,1724616778
314,jayapura,-2.5333,140.7,25.66,96,100,2.3,ID,1724616779
315,kokopo,-4.352,152.2633,24.37,93,100,5.51,PG,1724616780
316,pierre,44.3683,-100.351,32.51,40,0,8.23,US,1724616781
317,mudgee,-32.5943,149.5871,9.41,90,8,2.58,AU,1724616782
318,esikhaleni,-28.871,31.8996,19.71,77,100,2.55,ZA,1724616784
319,abancay,-13.6339,-72.8814,24.58,32,97,4.61,PE,1724616785
320,dhing,26.4667,92.4667,27.11,88,99,2.27,IN,1724616786
321,qarah,34.1527,36.7415,22.27,55,0,0.44,SY,1724616787
322,dryden,49.7833,-92.7503,29.16,61,100,5.14,CA,1724616789
323,sur,22.5667,59.5289,30.6,60,100,5.08,OM,1724616790
324,nea kallikrateia,40.3167,23.0667,28.82,80,40,1.18,GR,1724616792
325,al ghayzah,16.2079,52.176,25.29,85,97,4.65,YE,1724616794
326,suva,-18.1416,178.4415,20.71,100,75,1.54,FJ,1724616795
327,kuqa,41.7278,82.9364,26.31,38,0,2.08,CN,1724616796
328,baruun-urt,46.6806,113.2792,13.88,66,6,1.73,MN,1724616797
329,smirnykh,49.75,142.8333,8.42,96,100,1.02,RU,1724616798
330,laguna,38.421,-121.4238,27.91,36,0,4.12,US,1724616800
331,cam ranh,11.9214,109.1591,27.98,74,40,0.51,VN,1724616801
332,mirnyy,62.5353,113.9611,9.74,86,32,1.9,RU,1724616802
333,banda aceh,5.5577,95.3222,25.1,87,100,5.52,ID,1724616803
334,kailua-kona,19.6406,-155.9956,25.33,96,100,3.13,US,1724616805
335,la passe,45.5549,-0.8967,16.4,69,0,5.27,FR,1724616806
336,hailar,49.2,119.7,12.45,72,29,3.92,CN,1724616807
337,yerofey pavlovich,53.9667,121.9667,12.7,96,100,2.09,RU,1724616808
338,paoy paet,13.6561,102.5625,24.12,95,100,3.13,KH,1724616810
339,dalnerechensk,45.9339,133.7225,17.51,93,93,4.31,RU,1724616811
340,rehoboth,-23.3167,17.0833,17.23,13,0,3.94,NA,1724616812
341,melekeok village,7.4957,134.6367,27.89,78,100,3.09,PW,1724616813
342,eufaula,31.8913,-85.1455,34.02,37,0,2.06,US,1724616815
343,fort st. john,56.2499,-120.8529,19.94,37,40,10.29,CA,1724616816
344,warmbad,-28.45,18.7333,16.3,25,0,2.08,NA,1724616817
345,thames,-37.1333,175.5333,10.72,93,100,1.35,NZ,1724616818
346,fortuna,40.5982,-124.1573,21.31,68,0,4.12,US,1724616820
347,sinop,41.7711,34.8709,17.46,83,93,2.27,TR,1724616821
348,bandon,51.7469,-8.7425,13.77,87,0,5.91,IE,1724616822
349,ghat,24.9647,10.1728,35.6,20,1,7.37,LY,1724616823
350,aykhal,66.0,111.5,8.24,95,100,2.34,RU,1724616824
351,songkhla,6.8333,100.6667,22.86,99,100,1.87,TH,1724616826
352,pemangkat,1.1667,108.9667,25.84,86,100,3.16,ID,1724616827
353,mabaruma,8.2,-59.7833,29.95,70,98,2.89,GY,1724616828
354,hede,33.7681,120.2517,24.6,95,96,2.31,CN,1724616829
355,boyolangu,-8.1181,111.8935,22.32,95,95,1.47,ID,1724616832
356,gobabis,-22.45,18.9667,16.67,18,0,3.9,NA,1724616833
357,naracoorte,-36.9579,140.7383,9.23,97,22,3.22,AU,1724616834
358,tayshet,55.9342,98.0044,15.31,98,100,1.33,RU,1724616835
359,kavaratti,10.5669,72.642,26.91,84,100,5.44,IN,1724616837
360,kamyzyak,46.11,48.0736,21.99,46,0,0.0,RU,1724616838
361,saudarkrokur,65.7461,-19.6394,4.67,96,100,3.14,IS,1724616839
362,el bagre,7.5927,-74.8086,26.85,87,100,1.01,CO,1724616840
363,mejit,10.2753,170.8646,28.43,78,50,6.45,MH,1724616842
364,kidlington,51.8217,-1.2886,16.13,80,40,5.66,GB,1724616843
365,kerikeri,-35.2268,173.9474,10.64,94,100,0.66,NZ,1724616844
366,cole harbour,44.6724,-63.4751,27.66,61,40,3.09,CA,1724616845
367,ancud,-41.8697,-73.8203,7.67,91,100,5.64,CL,1724616847
368,prince rupert,54.3161,-130.3201,13.83,98,100,18.52,CA,1724616848
369,mount pearl,47.5166,-52.7813,26.85,54,20,6.17,CA,1724616849
370,pacific grove,36.6177,-121.9166,23.56,77,0,2.57,US,1724616850
371,rio guayabal de yateras,20.3667,-75.0167,30.88,46,53,3.95,CU,1724616851
372,manado,1.487,124.8455,23.43,100,20,1.03,ID,1724616853
373,geraldton,-28.7667,114.6,9.23,93,56,3.6,AU,1724616854
374,fedorovka,53.6314,62.7078,12.33,76,13,2.23,KZ,1724616855
375,umluj,25.0213,37.2685,32.45,57,83,2.36,SA,1724616856
376,potosi,-19.5836,-65.7531,18.41,7,0,1.99,BO,1724616858
377,saint-pierre,-21.3393,55.4781,19.82,64,0,7.2,RE,1724616859
378,dila,6.4167,38.3167,16.39,80,100,2.25,ET,1724616860
379,santa elena de uairen,4.6167,-61.1333,26.79,54,67,4.29,VE,1724616861
380,plastun,44.7561,136.2939,13.14,95,76,0.6,RU,1724616863
381,nuriootpa,-34.4833,139.0,11.11,98,99,6.59,AU,1724616864
382,kismayo,-0.3582,42.5454,24.88,83,52,7.33,SO,1724616865
383,ceerigaabo,10.6162,47.368,21.91,45,84,8.16,SO,1724616866
384,margate,51.3813,1.3862,15.94,71,53,0.89,GB,1724616573
385,suntar,62.1444,117.6319,9.9,95,6,2.09,RU,1724616869
386,urambo,-5.0667,32.05,22.54,33,13,2.21,TZ,1724616870
387,kamalpur,24.2,91.8333,24.38,87,100,0.98,IN,1724616871
388,jiuquan,39.7432,98.5174,19.58,72,29,2.45,CN,1724616872
389,corumba,-19.0092,-57.6533,16.95,39,0,2.57,BR,1724616875
390,navolato,24.7672,-107.6944,31.1,76,100,5.15,MX,1724616876
391,walvis bay,-22.9575,14.5053,13.19,82,0,5.57,NA,1724616877
392,gamba,-2.65,10.0,22.8,86,6,2.84,GA,1724616879
393,djambala,-2.5447,14.7533,25.69,50,18,2.56,CG,1724616880
394,abilene,32.4487,-99.7331,36.93,32,0,5.66,US,1724616685
395,pervomayskoye,43.919,46.7102,21.3,83,100,4.29,RU,1724616882
396,shizunai-furukawacho,42.3339,142.3669,19.74,86,100,0.81,JP,1724616711
397,dwarka,22.2394,68.9678,27.68,79,100,8.41,IN,1724616885
398,sabang,5.8933,95.3214,27.4,75,100,8.11,ID,1724616886
399,waliso,8.5333,37.9833,14.43,92,98,1.08,ET,1724616887
400,coyhaique,-45.5752,-72.0662,7.56,86,100,1.7,CL,1724616635
401,richards bay,-28.783,32.0377,19.84,78,99,2.0,ZA,1724616890
402,coshocton,40.272,-81.8596,31.57,45,100,2.28,US,1724616891
403,burang,30.25,81.1667,6.93,85,98,1.93,CN,1724616892
404,vidisha,23.5333,77.8167,22.6,97,100,4.38,IN,1724616894
405,faya-largeau,17.9257,19.1043,35.13,35,46,6.08,TD,1724616895
406,mokopane,-24.1944,29.0097,17.32,20,0,2.39,ZA,1724616896
407,changji,44.0167,87.3167,22.44,56,0,2.0,CN,1724616897
408,bayanhongor,46.7167,100.1167,10.5,72,53,1.91,MN,1724616899
409,penzance,50.1186,-5.5371,16.38,86,100,10.04,GB,1724616900
410,calama,-22.4667,-68.9333,22.27,5,0,8.23,CL,1724616696
411,bonthe,7.5264,-12.505,24.98,89,75,4.74,SL,1724616903
412,shakawe,-18.3667,21.85,18.4,21,0,2.19,BW,1724616904
413,kitakata,37.65,139.8667,22.34,98,39,0.92,JP,1724616905
414,jawad,24.6,74.85,24.09,97,100,1.76,IN,1724616907
415,eastham,41.8301,-69.9739,27.75,68,0,2.57,US,1724616908
416,mabopane,-25.4977,28.1007,14.21,27,0,2.0,ZA,1724616909
417,quang ngai,15.1167,108.8,24.11,90,99,2.02,VN,1724616910
418,rio branco,-9.9747,-67.81,26.34,47,0,5.14,BR,1724616354
419,lyantor,61.6195,72.1555,12.81,66,87,4.93,RU,1724616913
420,racine,42.7495,-88.0751,32.3,60,0,3.6,US,1724616916
421,portage la prairie,49.9728,-98.2926,34.48,39,54,3.13,CA,1724616917
422,priargunsk,50.3691,119.1012,12.19,75,4,2.89,RU,1724616918
423,ola,59.5833,151.2833,12.08,82,100,1.43,RU,1724616919
424,formosa do rio preto,-11.0483,-45.1931,33.99,15,0,2.88,BR,1724616920
425,gracanica,44.7033,18.3097,23.99,32,55,1.49,BA,1724616922
426,neijiang,29.5835,105.0622,28.02,65,52,1.18,CN,1724616923
427,kamachumu,-1.6186,31.62,20.18,55,60,1.78,TZ,1724616924
428,kindu,-2.95,25.95,26.12,35,88,0.48,CD,1724616925
429,saynshand,44.8824,110.1163,20.54,35,92,2.16,MN,1724616927
430,cauquenes,-35.9671,-72.3225,16.65,36,68,0.62,CL,1724616928
431,nar'yan-mar,67.6713,53.087,10.04,92,2,3.12,RU,1724616929
432,kiunga,-6.1219,141.2906,22.74,99,100,1.47,PG,1724616931
433,constantia,44.1833,28.65,24.38,79,7,4.36,RO,1724616764
434,shingu,33.7333,135.9833,25.13,90,68,1.82,JP,1724616934
435,ma'ili,21.4219,-158.1803,27.01,83,100,3.09,US,1724616936
436,calca,-13.3333,-71.95,24.64,56,97,4.53,PE,1724616937
437,niesky,51.2924,14.8211,17.55,86,100,0.45,DE,1724616938
438,inirida,3.8653,-67.9239,33.17,52,92,2.1,CO,1724616939
439,oriximina,-1.7656,-55.8661,35.38,36,43,4.28,BR,1724616941
440,cockburn town,21.4612,-71.1419,28.74,74,9,7.28,TC,1724616943
441,sechura,-5.5569,-80.8222,25.02,56,17,7.61,PE,1724616944
442,fort saskatchewan,53.7168,-113.2187,22.1,59,0,2.57,CA,1724616945
443,hizan,38.2257,42.4278,18.07,51,0,1.69,TR,1724616947
444,kulhudhuffushi,6.6221,73.07,27.5,79,60,4.02,MV,1724616948
445,aginskoye,51.1,114.53,11.7,57,0,1.84,RU,1724616732
446,serowe,-22.3833,26.7167,17.58,26,0,2.35,BW,1724616950
447,magadan,59.5667,150.8,11.62,83,100,1.63,RU,1724616952
448,andovoranto,-18.95,49.1,19.07,78,100,2.83,MG,1724616953
449,tomatlan,19.9333,-105.25,32.34,60,18,3.72,MX,1724616955
450,andergrove,-21.0833,149.1833,19.42,86,81,3.06,AU,1724616957
451,bantay,17.5847,120.3892,25.64,78,100,1.96,PH,1724616958
452,ambert,45.55,3.75,12.83,81,0,1.2,FR,1724616959
453,mayna,54.1135,47.6231,16.04,75,1,2.45,RU,1724616960
454,jibou,47.2667,23.25,22.33,33,26,1.29,RO,1724616962
455,kingscliff,-28.2667,153.5667,18.89,94,0,4.63,AU,1724616963
456,zhangye,38.9342,100.4517,19.75,69,6,1.41,CN,1724616964
457,kabalo,-6.05,26.9167,27.62,24,5,1.64,CD,1724616965
458,zhob,31.3411,69.4481,27.79,46,0,2.03,PK,1724616966
459,inhambane,-23.865,35.3833,19.25,77,0,3.91,MZ,1724616968
460,weyburn,49.6668,-103.8511,25.12,31,0,6.69,CA,1724616969
461,urengoy,65.9667,78.3667,10.48,76,5,3.51,RU,1724616970
462,mamuju,-2.6748,118.8885,24.59,89,44,1.97,ID,1724616971
463,tomarza,38.4472,35.7992,16.31,77,37,1.03,TR,1724616973
464,mont-laurier,46.5501,-75.4993,25.74,51,70,1.89,CA,1724616862
465,howard springs,-12.497,131.047,23.79,94,0,1.13,AU,1724616975
466,kidal,18.4411,1.4078,28.02,61,100,6.81,ML,1724616976
467,tchintabaraden,15.8969,5.7985,36.35,31,42,4.86,NE,1724616978
468,cabo san lucas,22.8909,-109.9124,34.17,52,40,5.66,MX,1724616783
469,cestos city,5.46,-9.5828,24.87,84,16,4.38,LR,1724616980
470,kitimat,54.0524,-128.6534,14.39,33,100,2.24,CA,1724616982
471,belogorsk,50.9158,128.4611,12.71,98,44,2.74,RU,1724616983
472,laguna paiva,-31.3039,-60.6589,16.1,41,0,0.89,AR,1724616984
473,bei'an,46.4398,126.2373,16.08,93,25,3.43,CN,1724616986
474,mount gambier,-37.8333,140.7667,10.92,82,4,3.97,AU,1724616987
475,chernyshevskiy,63.0128,112.4714,8.41,91,44,0.9,RU,1724616988
476,karamay,45.6004,84.8661,23.61,39,29,5.6,CN,1724616989
477,boa esperanca,-21.09,-45.5658,22.9,51,87,5.73,BR,1724616750
478,thunder bay,48.4001,-89.3168,22.99,73,27,6.17,CA,1724616978
479,jamaame,0.0697,42.745,24.41,83,48,5.72,SO,1724616993
480,pasighat,28.0667,95.3333,26.4,83,30,1.65,IN,1724616994
481,igrim,63.1906,64.4162,12.96,76,27,1.2,RU,1724616996
482,kununurra,-15.7667,128.7333,18.99,88,0,0.51,AU,1724616997
483,lakatoro,-16.0999,167.4164,21.52,71,6,3.38,VU,1724616999
484,ruston,32.5232,-92.6379,34.9,34,0,4.63,US,1724617001
485,funafuti,-8.5243,179.1942,29.0,79,75,1.03,TV,1724617003
486,castillos,-34.1667,-53.8333,10.39,79,99,5.64,UY,1724617004
487,mpongwe,-13.5091,28.155,18.67,37,11,3.14,ZM,1724617006
488,kramfors,62.9316,17.7765,12.89,88,100,0.51,SE,1724617008
489,ugoofaaru,5.6667,73.0,27.61,78,88,3.95,MV,1724617009
490,magistral'nyy,56.1725,107.4458,13.11,70,100,1.88,RU,1724617011
491,san antonio de pale,-1.4014,5.6325,23.74,84,100,4.27,GQ,1724617012
492,dalby,-27.1833,151.2667,16.07,70,0,5.03,AU,1724617013
493,homer,59.6425,-151.5483,13.94,66,40,3.09,US,1724616953
494,chos malal,-37.3781,-70.2709,15.98,14,14,1.74,AR,1724617015
495,tuyum,9.9769,122.5582,26.77,84,100,4.57,PH,1724617017
496,isangel,-19.55,169.2667,21.73,85,10,4.55,VU,1724617018
497,oruro,-17.9833,-67.15,21.27,20,20,2.06,BO,1724617019
498,cairo,30.0626,31.2497,32.42,58,0,3.6,EG,1724616713
499,port macquarie,-31.4333,152.9167,18.74,68,100,2.63,AU,1724617022
500,jinchang,38.4953,102.1739,18.77,78,27,2.46,CN,1724617023
501,black river,18.0264,-77.8487,29.97,66,16,1.46,JM,1724617024
502,peace river,56.2501,-117.286,19.17,68,20,3.09,CA,1724617025
503,la foa,-21.7108,165.8276,19.82,81,16,1.55,NC,1724617027
504,palmas,-10.2128,-48.3603,34.93,29,20,2.57,BR,1724616272
505,macomb,40.4592,-90.6718,33.22,58,0,7.2,US,1724617029
506,diego de almagro,-26.3667,-70.05,22.91,20,3,4.0,CL,1724617030
507,broken hill,-31.95,141.4333,10.04,63,0,4.08,AU,1724617032
508,buka,40.8108,69.1986,19.0,29,86,0.66,UZ,1724617033
509,pinarbasi,38.7229,36.3931,15.76,83,59,1.96,TR,1724617034
510,severobaykal'sk,55.65,109.3167,12.26,70,63,2.09,RU,1724617035
511,praia,14.9215,-23.5087,27.3,69,75,5.14,CV,1724617037
512,trinity,28.1808,-82.6818,34.01,68,83,2.68,US,1724617038
513,puerto deseado,-47.7503,-65.8938,8.21,64,100,10.93,AR,1724617039
514,kingston,17.997,-76.7936,30.43,67,48,2.89,JM,1724616701
515,chui,-33.6971,-53.4616,10.65,77,92,6.24,UY,1724617042
516,taitung city,22.7583,121.1444,26.2,80,83,1.75,TW,1724617043
517,la paz,-16.5,-68.15,18.99,29,20,5.14,BO,1724616964
518,ghadamis,30.1337,9.5007,32.9,22,0,3.74,LY,1724617045
519,lodwar,3.1191,35.5973,29.82,38,29,6.52,KE,1724617047
520,kholmsk,47.0511,142.0569,15.88,82,100,3.46,RU,1724617048
521,boa vista,2.8197,-60.6733,33.99,46,40,5.14,BR,1724617049
522,tocopilla,-22.092,-70.1979,18.21,69,0,3.13,CL,1724616654
523,totness,5.8833,-56.3167,29.67,69,59,5.22,SR,1724617052
524,madang,-5.2246,145.7966,24.95,92,100,1.23,PG,1724617053
525,alotau,-10.3069,150.4462,20.93,93,97,1.6,PG,1724617054
526,port augusta,-32.5,137.7667,13.56,75,99,3.46,AU,1724617056
527,nicosia,35.1667,33.3667,26.83,78,0,2.57,CY,1724617057
528,haiku-pauwela,20.9219,-156.3051,24.73,94,100,8.05,US,1724617058
529,yeed,4.55,43.0333,27.62,53,62,8.0,SO,1724617059
530,vershino-darasunskiy,52.35,115.5167,9.14,70,0,1.39,RU,1724617061
531,kirakira,-10.4544,161.9205,23.81,84,99,3.72,SB,1724617062
532,galle,6.0367,80.217,28.85,83,91,0.45,LK,1724617063
533,asau,46.4333,26.4,21.38,48,52,2.13,RO,1724617064
534,sorong,-0.8833,131.25,26.03,83,100,1.29,ID,1724617066
535,el nido,11.1858,119.3956,25.64,87,100,2.32,PH,1724617067
536,gaspe,48.8334,-64.4819,24.12,57,75,5.66,CA,1724617068
537,vila velha,-20.3297,-40.2925,24.41,80,0,5.14,BR,1724616849
538,krasnobrodskiy,54.1581,86.4486,11.8,87,62,6.4,RU,1724617071
539,kolonia,50.9333,6.95,17.75,74,0,1.54,DE,1724617072
540,kukawa,12.9234,13.5606,24.95,76,100,5.27,NG,1724617073
541,sierra grande,-41.606,-65.3557,11.88,32,100,10.79,AR,1724617074
542,birjand,32.8663,59.2211,24.26,17,0,4.12,IR,1724617076
543,havre,49.5833,0.3333,16.87,67,0,4.63,FR,1724617077
544,mar del plata,-38.0023,-57.5575,10.01,77,20,3.13,AR,1724617079
545,qarazhal,48.0078,70.7903,12.86,56,0,2.83,KZ,1724617080
546,ra's bayrut,33.9,35.4833,26.17,75,0,1.85,LB,1724617082
547,taulaga,-11.0553,-171.0883,27.51,81,40,7.37,AS,1724617084
548,mostaganem,35.9311,0.0892,25.91,82,2,5.33,DZ,1724617085
549,tidjikja,18.5564,-11.4271,32.27,44,26,4.53,MR,1724617086
550,texarkana,33.4251,-94.0477,37.12,32,0,3.6,US,1724617088
551,arak,34.0917,49.6892,25.27,30,3,2.95,IR,1724617089
552,harper,4.375,-7.7169,24.12,85,60,3.68,LR,1724617090
553,belmonte,-15.8631,-38.8828,24.48,67,16,2.53,BR,1724617091
554,defuniak springs,30.721,-86.1152,33.32,43,40,4.12,US,1724617093
555,bocanda,7.0626,-4.4995,24.47,85,60,1.18,CI,1724617094
556,otterndorf,53.8,8.9,15.13,77,20,2.06,DE,1724617095
557,sterling,39.0062,-77.4286,32.53,48,40,2.68,US,1724617096
558,necochea,-38.5473,-58.7368,9.74,64,35,3.51,AR,1724616902
559,ixtapa,20.7,-105.2,32.35,66,40,3.6,MX,1724617099
560,kurchatov,51.6601,35.6521,20.63,41,0,3.04,RU,1724617100
561,san juanito,28.0,-107.5833,25.88,27,100,4.39,MX,1724617101
562,ternate,0.8,127.4,26.01,83,100,1.33,ID,1724617102
